<?xml version="1.0" encoding="UTF-8"?>

<!-- 
 * security.xml
 *
 * Copyright (C) 2017 Universidad de Sevilla
 * 
 * The use of this project is hereby constrained to the conditions of the 
 * TDG Licence, a copy of which you may download from 
 * http://www.tdg-seville.info/License.html
 -->

<beans xmlns="http://www.springframework.org/schema/beans"
	xmlns:xsi="http://www.w3.org/2001/XMLSchema-instance" xmlns:security="http://www.springframework.org/schema/security"	
	xsi:schemaLocation="
		http://www.springframework.org/schema/beans http://www.springframework.org/schema/beans/spring-beans-4.0.xsd		
        http://www.springframework.org/schema/security http://www.springframework.org/schema/security/spring-security-3.2.xsd
    ">

	<!-- Security infrastructure -->

	<bean id="loginService" class="security.LoginService" />

	<bean id="passwordEncoder"
		class="org.springframework.security.authentication.encoding.Md5PasswordEncoder" />

	<!-- Access control -->

	<security:http auto-config="true" use-expressions="true">
		<security:intercept-url pattern="/" access="permitAll" /> 

		<security:intercept-url pattern="/favicon.ico" access="permitAll" /> 
		<security:intercept-url pattern="/images/**" access="permitAll" /> 
		<security:intercept-url pattern="/scripts/**" access="permitAll" /> 
		<security:intercept-url pattern="/styles/**" access="permitAll" /> 

		<security:intercept-url pattern="/views/misc/index.jsp" access="permitAll" /> 

		<security:intercept-url pattern="/security/login.do" access="permitAll" /> 
		<security:intercept-url pattern="/security/loginFailure.do" access="permitAll" /> 

		<security:intercept-url pattern="/welcome/index.do" access="permitAll" /> 

		
			
		<!-- Santos -->
		<security:intercept-url pattern="/rendezvous/list.do" access="permitAll" /> 
		<security:intercept-url pattern="/rendezvous/display.do" access="permitAll" /> 
		<security:intercept-url pattern="/rendezvous/listByUser.do" access="permitAll" />
		<security:intercept-url pattern="/rendezvous/listByAttendant.do" access="permitAll" />
		<security:intercept-url pattern="/rendezvous/listLinkerRendezvouses.do" access="permitAll" />
		<security:intercept-url pattern="/rendezvous/listLinkedRendezvouses.do" access="permitAll" /> 
		<security:intercept-url pattern="/rendezvous/administrator/**" access="hasRole('ADMIN')" /> 
		<security:intercept-url pattern="/rendezvous/user/**" access="hasRole('USER')" /> 
		
		<security:intercept-url pattern="/actor/administrator/**" access="hasRole('ADMIN')" /> 
		<security:intercept-url pattern="/actor/user/create.do" access="hasRole('USER') or isAnonymous()" />
		<security:intercept-url pattern="/actor/terminos.do" access="hasRole('USER') or isAnonymous()" />  
		<security:intercept-url pattern="/actor/user/edit.do" access="hasRole('USER') or isAnonymous()"  />
		<security:intercept-url pattern="/actor/display.do" access="permitAll"  />
		<security:intercept-url pattern="/actor/list.do" access="permitAll"  />	
		<security:intercept-url pattern="/actor/profile.do" access="isAuthenticated()"  />
		<security:intercept-url pattern="/actor/listAttendants.do" access="permitAll"  />
		
			<!-- Carlos -->
		<security:intercept-url pattern="/rsvp/user/edit.do" access="hasRole('USER')" />
		<security:intercept-url pattern="/comment/user/edit.do" access="hasRole('USER')" />
		<security:intercept-url pattern="/comment/user/create.do" access="hasRole('USER')" />
		<security:intercept-url pattern="/termCondition/administrator/**" access="hasRole('ADMIN')" />
		<security:intercept-url pattern="/comment/administrator/edit.do" access="hasRole('ADMIN')" />   
		<security:intercept-url pattern="/comment/display.do" access="permitAll" />  
		<security:intercept-url pattern="/termCondition/display.do" access="permitAll" />
		<security:intercept-url pattern="/aboutUs/display.do" access="permitAll" />  
		<security:intercept-url pattern="/dashboard/administrator/display.do" access="hasRole('ADMIN')" /> 
			
				
		<!-- Sergio -->
		<security:intercept-url pattern="/rsvp/list.do" access="permitAll" />
		<security:intercept-url pattern="/rsvp/display.do" access="permitAll" />
		<security:intercept-url pattern="/rsvp/user/create.do" access="hasRole('USER')" />
		<security:intercept-url pattern="/rsvp/user/list.do" access="hasRole('USER')" />
		<security:intercept-url pattern="/rsvp/user/display.do" access="hasRole('USER')" />
		<security:intercept-url pattern="/rsvp/user/cancel.do" access="hasRole('USER')" />
		<security:intercept-url pattern="/rsvp/user/accept.do" access="hasRole('USER')" />
		<security:intercept-url pattern="/question/user/list.do" access="hasRole('USER')" />
		<security:intercept-url pattern="/question/user/create.do" access="hasRole('USER')" />
		<security:intercept-url pattern="/question/user/edit.do" access="hasRole('USER')" />
		<security:intercept-url pattern="/announcement/user/list.do" access="hasRole('USER')" />
		<security:intercept-url pattern="/announcement/user/create.do" access="hasRole('USER')" />
		<security:intercept-url pattern="/announcement/user/edit.do" access="hasRole('USER')" />
		<security:intercept-url pattern="/announcement/administrator/list.do" access="hasRole('ADMIN')" />
		<security:intercept-url pattern="/announcement/administrator/delete.do" access="hasRole('ADMIN')" />
		<security:intercept-url pattern="/announcement/list.do" access="permitAll" />
 	
		<security:intercept-url pattern="/**" access="hasRole('NONE')" />
		
		<security:form-login 
			login-page="/security/login.do"
			password-parameter="password" 
			username-parameter="username"
			authentication-failure-url="/security/loginFailure.do" />

		<security:logout 
			logout-success-url="/" 
			invalidate-session="true" />
		
	</security:http>

</beans>
