<?xml version="1.0" encoding="UTF-8"?>

<!-- 
 * converters.xml
 *
 * Copyright (C) 2017 Universidad de Sevilla
 * 
 * The use of this project is hereby constrained to the conditions of the 
 * TDG Licence, a copy of which you may download from 
 * http://www.tdg-seville.info/License.html
 -->

<beans xmlns="http://www.springframework.org/schema/beans"
	xmlns:xsi="http://www.w3.org/2001/XMLSchema-instance" xmlns:util="http://www.springframework.org/schema/util"
	xsi:schemaLocation="
		http://www.springframework.org/schema/beans http://www.springframework.org/schema/beans/spring-beans-4.0.xsd		
		http://www.springframework.org/schema/util http://www.springframework.org/schema/util/spring-util-4.0.xsd		
	">

	<util:list id="converters">
	
		<bean class="converters.UserAccountToStringConverter" />
		<bean class="converters.StringToUserAccountConverter" />
		
		<bean class="converters.AuthorityToStringConverter" />
		<bean class="converters.StringToAuthorityConverter" />
				
		<bean class="converters.UserToStringConverter" />
		<bean class="converters.StringToUserConverter" />
		
		<bean class="converters.InternationalizationToStringConverter" />
		<bean class="converters.StringToInternationalizationConverter" />
		
		<bean class="converters.ActorToStringConverter" />
		<bean class="converters.StringToActorConverter" />
					
		<bean class="converters.AdministratorToStringConverter" />
		<bean class="converters.StringToAdministratorConverter" />
		
		<bean class="converters.CreditCardToStringConverter" />
		<bean class="converters.StringToCreditCardConverter" />
		
		<bean class="converters.RaffleToStringConverter" />
		<bean class="converters.StringToRaffleConverter" />
		
		<bean class="converters.TicketToStringConverter" />
		<bean class="converters.StringToTicketConverter" />
		
		<bean class="converters.QuestionToStringConverter" />
		<bean class="converters.StringToQuestionConverter" />
		
		<bean class="converters.EvaluationToStringConverter" />
		<bean class="converters.StringToEvaluationConverter" />
		
		<bean class="converters.CommentToStringConverter" />
		<bean class="converters.StringToCommentConverter" />
		
		<bean class="converters.TagToStringConverter" />
		<bean class="converters.StringToTagConverter" />
		
		<bean class="converters.QuestionToStringConverter" />
		<bean class="converters.StringToQuestionConverter" />
		
		<bean class="converters.AnswerToStringConverter" />
		<bean class="converters.StringToAnswerConverter" />
		
		<bean class="converters.SurveyToStringConverter" />
		<bean class="converters.StringToSurveyConverter" />
		
		<bean class="converters.PlanToStringConverter" />
		<bean class="converters.StringToPlanConverter" />
		
		<bean class="converters.SubscriptionToStringConverter" />
		<bean class="converters.StringToSubscriptionConverter" />
		
		<bean class="converters.BargainToStringConverter" />
		<bean class="converters.StringToBargainConverter" />

		<bean class="converters.ModeratorToStringConverter" />
		<bean class="converters.StringToModeratorConverter" />
		
		<bean class="converters.SponsorToStringConverter" />
		<bean class="converters.StringToSponsorConverter" />
		
		<bean class="converters.CompanyToStringConverter" />
		<bean class="converters.StringToCompanyConverter" />
		
		<bean class="converters.GrouponToStringConverter" />
		<bean class="converters.StringToGrouponConverter" />
		
		<bean class="converters.CategoryToStringConverter" />
		<bean class="converters.StringToCategoryConverter" />
		
		<bean class="converters.SponsorshipToStringConverter" />
		<bean class="converters.StringToSponsorshipConverter" />
		
		<bean class="converters.ConfigurationToStringConverter" />
		<bean class="converters.StringToConfigurationConverter" />
		
		<bean class="converters.NotificationToStringConverter" />
		<bean class="converters.StringToNotificationConverter" />
		
	</util:list>
	
</beans>