<?xml version="1.0" encoding="UTF-8"?>

<!-- 
  * tiles.xml 
  * 
  * Copyright (C) 2017 Universidad de Sevilla 
  * 
  * The use of this project is hereby constrained to the conditions of the 
  * TDG Licence, a copy of which you may download from 
  * http://www.tdg-seville.info/License.html 
-->

<beans xmlns="http://www.springframework.org/schema/beans"
	xmlns:util="http://www.springframework.org/schema/util" xmlns:xsi="http://www.w3.org/2001/XMLSchema-instance"
	xsi:schemaLocation="
		http://www.springframework.org/schema/beans http://www.springframework.org/schema/beans/spring-beans-4.0.xsd
		http://www.springframework.org/schema/util http://www.springframework.org/schema/util/spring-util-4.0.xsd
	">

	<util:list id="tiles">
		<value>/views/master-page/tiles.xml</value>		
		<value>/views/misc/tiles.xml</value>		
		<value>/views/security/tiles.xml</value>
		<value>/views/welcome/tiles.xml</value>
				
		<value>/views/termCondition/tiles.xml</value>
		
		<value>/views/actor/tiles.xml</value>
		<value>/views/user/tiles.xml</value>
		
		<value>/views/aboutUs/tiles.xml</value>
		<value>/views/dashboard/tiles.xml</value>

		<value>/views/creditcard/tiles.xml</value>
		<value>/views/configuration/tiles.xml</value>
		
		<value>/views/raffle/tiles.xml</value>
		<value>/views/ticket/tiles.xml</value>
		
		<value>/views/evaluation/tiles.xml</value>
		<value>/views/comment/tiles.xml</value>
		<value>/views/tag/tiles.xml</value>
		<value>/views/survey/tiles.xml</value>
		
		<value>/views/plan/tiles.xml</value>
		<value>/views/subscription/tiles.xml</value>
		<value>/views/level/tiles.xml</value>
		
		<value>/views/notification/tiles.xml</value>
		<value>/views/bargain/tiles.xml</value>
		<value>/views/sponsorship/tiles.xml</value>
		<value>/views/category/tiles.xml</value>
		
		<value>/views/company/tiles.xml</value>
		<value>/views/groupon/tiles.xml</value>
		<value>/views/participation/tiles.xml</value>
		
		<value>/views/contact/tiles.xml</value>
		
	</util:list>

</beans>