<?xml version="1.0" encoding="UTF-8"?>



<!-- * PopulateDatabase.xml * * Copyright (C) 2017 Universidad de Sevilla 

	* * The use of this project is hereby constrained to the conditions of the 

	* TDG Licence, a copy of which you may download from * http://www.tdg-seville.info/License.html -->



<beans xmlns="http://www.springframework.org/schema/beans"

	xmlns:xsi="http://www.w3.org/2001/XMLSchema-instance"

	xsi:schemaLocation="

		http://www.springframework.org/schema/beans http://www.springframework.org/schema/beans/spring-beans.xsd
 
	">



	<!-- User accounts -->
	<bean id="userAccountAdministrator" class="security.UserAccount">
		<property name="username" value="admin" />
		<property name="password" value="21232f297a57a5a743894a0e4a801fc3" />
		<property name="authorities">
			<list>
				<bean class="security.Authority">
					<property name="authority" value="ADMIN" />
				</bean>
			</list>
		</property>
	</bean>
	
	
	
	<!-- Administrator -->
	<bean id="administrator" class="domain.Administrator">
		<property name="name" value="Administrator" />
		<property name="surname" value="1" />
		<property name="email" value="administrator@acme.com" />
		<property name="birthdate" value="25/08/1995" />
		<property name="userAccount" ref="userAccountAdministrator" />
	</bean>
	
	
	
	<bean id="internationalization1" class="domain.Internationalization">

		<property name="countryCode" value="es" />
		
		<property name="messageCode" value="term.condition" />

		<property name="value" value="INFORMACIÓN RELEVANTE

Es requisito necesario para la adquisición de los productos que
	se ofrecen en este sitio, que lea y acepte los siguientes Términos y
	Condiciones que a continuación se redactan. El uso de nuestros
	servicios así como la compra de nuestros productos implicará que usted
	ha leído y aceptado los Términos y Condiciones de Uso en el presente
	documento. Todas los productos que son ofrecidos por nuestro
	sitio web pudieran ser creadas, cobradas, enviadas o presentadas por
	una página web tercera y en tal caso estarían sujetas a sus propios
	Términos y Condiciones. En algunos casos, para adquirir un producto,
	será necesario el registro por parte del usuario, con ingreso de datos
	personales fidedignos y definicián de una contraseña.
El usuario puede elegir y cambiar la clave para su acceso de
	administracián de la cuenta en cualquier momento, en caso de que se
	haya registrado y que sea necesario para la compra de alguno de
	nuestros productos. www.acme.com no asume la responsabilidad en caso de
	que entregue dicha clave a terceros.
Todas las compras y transacciones que se lleven a cabo por medio
	de este sitio web, están sujetas a un proceso de confirmacián y
	verificacián, el cual podría incluir la verificacián del stock y
	disponibilidad de producto, validacián de la forma de pago, validacián
	de la factura (en caso de existir) y el cumplimiento de las condiciones
	requeridas por el medio de pago seleccionado. En algunos casos puede
	que se requiera una verificacián por medio de correo electránico.
Los precios de los productos ofrecidos en esta Tienda Online es
	válido solamente en las compras realizadas en este sitio web.
	

	INFORMACIÓN PERSONAL
	
	Un administrador puede marcar como eliminado una cita si considera que tiene contenido inadecuado. Además, puede borrar un comentario o anuncio si considera que afecta moralmente a otros usuarios.
	Si cualquier usuario quiere borrar algún dato personal y la aplicación no le ofrece la posibilidad de hacerlo, debe ponerse en contacto con aisscreamacas@gmail.com

	LICENCIA

Acme-Rendezvous a través de su sitio web concede una
	licencia para que los usuarios utilicen los productos que son
	vendidos en este sitio web de acuerdo a los Términos y Condiciones que
	se describen en este documento.

	USO NO AUTORIZADO

En caso de que aplique (para venta de software, templetes, u otro
	producto de diseño y programacián) usted no puede colocar uno de
	nuestros productos, modificado o sin modificar, en un CD, sitio web o
	ningún otro medio y ofrecerlos para la redistribucián o la reventa de
	ningún tipo.

	PROPIEDAD

Usted no puede declarar propiedad intelectual o exclusiva a
	ninguno de nuestros productos, modificado o sin modificar. Todos los
	productos son propiedad de los proveedores del contenido. En caso
	de que no se especifique lo contrario, nuestros productos se
	proporcionan sin ningún tipo de garantía, expresa o implícita. En
	ningún esta compañía será responsables de ningún daño incluyendo,
	pero no limitado a, daños directos, indirectos, especiales, fortuitos o
	consecuentes u otras pérdidas resultantes del uso o de la imposibilidad
	de utilizar nuestros productos.

	POLíTICA DE REEMBOLSO Y GARANTíA

En el caso de productos que sean mercancías irrevocables
	no-tangibles, no realizamos reembolsos después de que se envíe el
	producto, usted tiene la responsabilidad de entender antes de
	comprarlo. Le pedimos que lea cuidadosamente antes de comprarlo.
	Hacemos solamente excepciones con esta regla cuando la descripcián no
	se ajusta al producto. Hay algunos productos que pudieran tener
	garantía y posibilidad de reembolso pero este será especificado al
	comprar el producto. En tales casos la garantía solo cubrirá fallas de
	fábrica y sólo se hará efectiva cuando el producto se haya usado
	correctamente. La garantía no cubre averías o daños ocasionados por uso
	indebido. Los términos de la garantía están asociados a fallas de
	fabricación y funcionamiento en condiciones normales de los productos y
	sólo se harán efectivos estos términos si el equipo ha sido usado
	correctamente. Esto incluye:

	- De acuerdo a las especificaciones técnicas indicadas para cada producto.
	- En condiciones ambientales acorde con las especificaciones indicadas por el fabricante.
	- En uso específico para la función con que fue diseñado de fábrica.
	- En condiciones de operación eléctricas acorde con las especificaciones y tolerancias indicadas.


	COMPROBACIÓN ANTIFRAUDE

La compra del cliente puede ser aplazada para la comprobación
	antifraude. También puede ser suspendida por más tiempo para una
	investigación más rigurosa, para evitar transacciones fraudulentas.

	PRIVACIDAD

Este sitio web www.acme.com garantiza que la información personal que usted envía
	cuenta con la seguridad necesaria. Los datos ingresados por usuario o
	en el caso de requerir una validación de los pedidos no serán
	entregados a terceros, salvo que deba ser revelada en cumplimiento a
	una orden judicial o requerimientos legales.

La suscripción a boletines de correos electrónicos publicitarios
	es voluntaria y podría ser seleccionada al momento de crear su cuenta.
Acme-Rendezvous reserva los derechos de cambiar o de modificar
	estos términos sin previo aviso.
	
	LEGISLACIÓN APLICABLE
El Aviso Legal y las Condiciones Generales de Uso se rigen por las siguientes normas:

La Ley 34/2002, de 11 de julio, de Servicios de la Sociedad de la Información y de Comercio Electrónico (LSSI-CE) (particularmente, su artículo 10).
La Ley Orgánica 15/1999, de 13 de diciembre, de Protección de Datos de Carácter Personal (LOPD).
El Real Decreto 1720/2007, de 21 de diciembre, por el que se aprueba el Reglamento de desarrollo de la Ley Orgánica 15/1999, de 13 de diciembre, de Protección de Datos de Carácter Personal." />

	</bean>
	
	<bean id="internationalization2" class="domain.Internationalization">

		<property name="countryCode" value="en" />
		
		<property name="messageCode" value="term.condition" />

		<property name="value" value="RELEVANT INFORMATION 

 It is a necessary requirement for the acquisition of products that
are offered on this site, that you read and accept the following Terms and
Conditions that are written below. The use of our
services as well as the purchase of our products will mean that you
You have read and accepted the Terms and Conditions of Use in this
document. All products that are offered by our
website could be created, collected, sent or presented by
a third web page and in that case they would be subject to their own
Terms and Conditions. In some cases, to acquire a product,
registration by the user will be necessary, with data entry
reliable personal and definition of a password. 
 The user can choose and change the password for their access
administration of the account at any time, should it be
have registered and that is necessary for the purchase of any of
our products. www.acme.com does not assume responsibility in case of
that deliver this key to third parties. 
 All purchases and transactions carried out by means of
of this website, are subject to a confirmation process and
verification, which could include verification of the stock and
Product availability, validation of the payment method, validation
of the invoice (if any) and compliance with the conditions
required by the selected means of payment. In some cases you can
that verification by email is required. 
 The prices of the products offered in this Online Store is
valid only in purchases made on this website. 

 PERSONAL INFORMATION
 
 
An administrator can mark an appointment as deleted if he/she considers it has inappropriate content. In addition, he/she can delete a comment or announcement if think that it affects other users morally.
If any user wants to delete some personal data and the application does not have the possibility to do that, you should contact with aisscreamacas@gmail.com

 LICENSE 

 Acme-Rendezvous  through its website grants a
license for users to use  the products that are
sold on this website according to the Terms and Conditions that
are described in this document. 

 UNAUTHORIZED USE 

 If applicable (for sale of software, templates, or other
product design and programming) you can not place one of
our products, modified or unmodified, on a CD, website or
no other means and offer them for the redistribution or resale of
no type. 

 PROPERTY 

 You can not declare intellectual or exclusive property to
none of our products, modified or unmodified. All the
Products are property  of the content providers. In case
unless otherwise specified, our products are
provide  without any warranty, express or implied. In
No this company will be responsible for any damages including,
but not limited to, direct, indirect, special, incidental or
Consequences or other losses resulting from the use or impossibility
to use our products. 

 REIMBURSEMENT AND GUARANTEE POLICY 

 In the case of products that are  irrevocable merchandise
non-tangible, we do not make refunds after the
product, you have the responsibility to understand before
buy.  We ask you to read carefully before buying it.
We only make exceptions with this rule when the description does not
It fits the product. There are some products that could have
guarantee and possibility of reimbursement but this will be specified at
buy the product In such cases the guarantee will only cover failures of
factory and will only be effective when the product has been used
correctly. The guarantee does not cover faults or damages caused by use
improper. The terms of the guarantee are associated with failures of
manufacture and operation under normal conditions of the products and
These terms will only be effective if the equipment has been used
correctly. This includes: 

- According to the technical specifications indicated for each product.  
- In environmental conditions in accordance with the specifications indicated by the manufacturer.  
- In use specific to the function with which it was designed from the factory.  -
In electrical operating conditions in accordance with the specifications
and tolerances indicated.


 ANTI-FRAUD VERIFICATION 

 The customer's purchase can be postponed for checking
anti fraud. It can also be suspended for a longer time for a
more rigorous investigation, to avoid fraudulent transactions. 

 PRIVACY 

This site web www.acme.com guarantees that the personal information you send
has the necessary security. The data entered by user or
In the case of requiring a validation of the orders, they will not be
delivered to third parties, unless it must be disclosed in compliance with
an order

   APPLICABLE LEGISLATION 
    
 The  Legal Notice and the General Conditions of Use  are governed by the following rules: 

The Law 34/2002, of 11 July, on Services of the Society of Information and Electronic Commerce (LSSI-CE)(particularly, article 10).
The Organic Law 15/1999, of December 13, Protection of Personal Data (LOPD).
The Royal Decree 1720/2007, of December 21, which approves the Regulation of development of the Organic Law 15/1999, of December 13, Protection of Personal Data." />

	</bean>
	
</beans>